-- MySQL Script generated by MySQL Workbench
-- mié 01 mar 2023 14:59:16
-- Model: iso27001    Version: 1.0
-- MySQL Workbench Forward Engineering

SET @OLD_UNIQUE_CHECKS=@@UNIQUE_CHECKS, UNIQUE_CHECKS=0;
SET @OLD_FOREIGN_KEY_CHECKS=@@FOREIGN_KEY_CHECKS, FOREIGN_KEY_CHECKS=0;
SET @OLD_SQL_MODE=@@SQL_MODE, SQL_MODE='ONLY_FULL_GROUP_BY,STRICT_TRANS_TABLES,NO_ZERO_IN_DATE,NO_ZERO_DATE,ERROR_FOR_DIVISION_BY_ZERO,NO_ENGINE_SUBSTITUTION';

-- -----------------------------------------------------
-- Schema public
-- -----------------------------------------------------

-- -----------------------------------------------------
-- Schema public
-- -----------------------------------------------------
CREATE SCHEMA IF NOT EXISTS `public` DEFAULT CHARACTER SET utf8 ;
SHOW WARNINGS;
USE `public` ;

-- -----------------------------------------------------
-- Table `public`.`dominio`
-- -----------------------------------------------------
DROP TABLE IF EXISTS `public`.`dominio` ;

SHOW WARNINGS;
CREATE TABLE IF NOT EXISTS `public`.`dominio` (
  `iddominio` INT NOT NULL,
  `titulo` VARCHAR(70) NOT NULL,
  PRIMARY KEY (`iddominio`))
ENGINE = InnoDB
AUTO_INCREMENT = 1
DEFAULT CHARACTER SET = utf8
COMMENT = 'Dominio norma ISO27002';

SHOW WARNINGS;

-- -----------------------------------------------------
-- Table `public`.`objetivo`
-- -----------------------------------------------------
DROP TABLE IF EXISTS `public`.`objetivo` ;

SHOW WARNINGS;
CREATE TABLE IF NOT EXISTS `public`.`objetivo` (
  `iddominio` INT NOT NULL,
  `ordenobjetivo` INT NOT NULL,
  `titulo` VARCHAR(70) NOT NULL,
  INDEX `fk_objetivo_dominio_idx` (`iddominio` ASC) VISIBLE,
  PRIMARY KEY (`iddominio`, `ordenobjetivo`),
  CONSTRAINT `fk_objetivo_dominio`
    FOREIGN KEY (`iddominio`)
    REFERENCES `public`.`dominio` (`iddominio`)
    ON DELETE RESTRICT
    ON UPDATE RESTRICT)
ENGINE = InnoDB
DEFAULT CHARACTER SET = utf8
COMMENT = 'Objetivos de control ISO27002';

SHOW WARNINGS;

-- -----------------------------------------------------
-- Table `public`.`control`
-- -----------------------------------------------------
DROP TABLE IF EXISTS `public`.`control` ;

SHOW WARNINGS;
CREATE TABLE IF NOT EXISTS `public`.`control` (
  `iddominio` INT NOT NULL,
  `ordenobjetivo` INT NOT NULL,
  `control` INT NOT NULL,
  `titulo` VARCHAR(70) NOT NULL,
  PRIMARY KEY (`iddominio`, `ordenobjetivo`, `control`),
  CONSTRAINT `fk_control_objetivo`
    FOREIGN KEY (`iddominio` , `ordenobjetivo`)
    REFERENCES `public`.`objetivo` (`iddominio` , `iddominio`)
    ON DELETE NO ACTION
    ON UPDATE NO ACTION)
ENGINE = InnoDB
AUTO_INCREMENT = 1
DEFAULT CHARACTER SET = utf8
COMMENT = 'Controles de la iso27002';

SHOW WARNINGS;

SET SQL_MODE=@OLD_SQL_MODE;
SET FOREIGN_KEY_CHECKS=@OLD_FOREIGN_KEY_CHECKS;
SET UNIQUE_CHECKS=@OLD_UNIQUE_CHECKS;

-- -----------------------------------------------------
-- Data for table `public`.`dominio`
-- -----------------------------------------------------
START TRANSACTION;
USE `public`;
INSERT INTO `public`.`dominio` (`iddominio`, `titulo`) VALUES (5, 'POLÍTICAS DE SEGURIDAD');
INSERT INTO `public`.`dominio` (`iddominio`, `titulo`) VALUES (6, 'ASPECTOS ORGANIZATIVOS DE LA SEGURIDAD DE LA INFORMACION');
INSERT INTO `public`.`dominio` (`iddominio`, `titulo`) VALUES (7, 'SEGURIDAD LIGADA A LOS RECURSOS HUMANOS');
INSERT INTO `public`.`dominio` (`iddominio`, `titulo`) VALUES (8, 'GESTIÓN DE ACTIVOS');
INSERT INTO `public`.`dominio` (`iddominio`, `titulo`) VALUES (9, 'CONTROL DE ACCESOS');
INSERT INTO `public`.`dominio` (`iddominio`, `titulo`) VALUES (10, 'CIFRADO');
INSERT INTO `public`.`dominio` (`iddominio`, `titulo`) VALUES (11, 'SEGURIDAD FÍSICA Y AMBIENTAL');
INSERT INTO `public`.`dominio` (`iddominio`, `titulo`) VALUES (12, 'SEGURIDAD EN LA OPERATIVA');
INSERT INTO `public`.`dominio` (`iddominio`, `titulo`) VALUES (13, 'SEGURIDAD EN LAS TELECOMUNICACIONES');
INSERT INTO `public`.`dominio` (`iddominio`, `titulo`) VALUES (14, 'ADQUISICIÓN');
INSERT INTO `public`.`dominio` (`iddominio`, `titulo`) VALUES (15, 'RELACIONES CON PROVEEDORES');
INSERT INTO `public`.`dominio` (`iddominio`, `titulo`) VALUES (16, 'GESTIÓN DE INCIDENTES EN LA SEGURIDAD DE LA INFORMACIÓN');
INSERT INTO `public`.`dominio` (`iddominio`, `titulo`) VALUES (17, 'ASPECTOS DE SEGURIDAD DE LA INFORMACION EN LA GESTIÓN DE LA CONTINUIDAD DEL NEGOCIO');
INSERT INTO `public`.`dominio` (`iddominio`, `titulo`) VALUES (18, 'CUMPLIMIENTO');

COMMIT;


-- -----------------------------------------------------
-- Data for table `public`.`objetivo`
-- -----------------------------------------------------
START TRANSACTION;
USE `public`;
INSERT INTO `public`.`objetivo` (`iddominio`, `ordenobjetivo`, `titulo`) VALUES (5, 1, 'Directrices de la Dirección en seguridad de la información');
INSERT INTO `public`.`objetivo` (`iddominio`, `ordenobjetivo`, `titulo`) VALUES (6, 1, 'Organización interna');
INSERT INTO `public`.`objetivo` (`iddominio`, `ordenobjetivo`, `titulo`) VALUES (6, 2, 'Dispositivos para movilidad y teletrabajo');
INSERT INTO `public`.`objetivo` (`iddominio`, `ordenobjetivo`, `titulo`) VALUES (7, 1, 'Antes de la contratación');
INSERT INTO `public`.`objetivo` (`iddominio`, `ordenobjetivo`, `titulo`) VALUES (7, 2, 'Durante la contratación');
INSERT INTO `public`.`objetivo` (`iddominio`, `ordenobjetivo`, `titulo`) VALUES (7, 3, 'Cese o cambio de puesto de trabajo');
INSERT INTO `public`.`objetivo` (`iddominio`, `ordenobjetivo`, `titulo`) VALUES (8, 1, 'Responsabilidad sobre los activos');
INSERT INTO `public`.`objetivo` (`iddominio`, `ordenobjetivo`, `titulo`) VALUES (8, 2, 'Clasificación de la información');
INSERT INTO `public`.`objetivo` (`iddominio`, `ordenobjetivo`, `titulo`) VALUES (8, 3, 'Manejo de los soportes de almacenamiento');
INSERT INTO `public`.`objetivo` (`iddominio`, `ordenobjetivo`, `titulo`) VALUES (9, 1, 'Requisitos de negocio para el control de accesos');
INSERT INTO `public`.`objetivo` (`iddominio`, `ordenobjetivo`, `titulo`) VALUES (9, 2, 'Gestión de acceso de usuario');
INSERT INTO `public`.`objetivo` (`iddominio`, `ordenobjetivo`, `titulo`) VALUES (9, 3, 'Responsabilidades del usuario');
INSERT INTO `public`.`objetivo` (`iddominio`, `ordenobjetivo`, `titulo`) VALUES (9, 4, 'Control de acceso a sistemas y aplicaciones');
INSERT INTO `public`.`objetivo` (`iddominio`, `ordenobjetivo`, `titulo`) VALUES (10, 1, 'Controles criptográficos');
INSERT INTO `public`.`objetivo` (`iddominio`, `ordenobjetivo`, `titulo`) VALUES (11, 1, 'Áreas seguras');
INSERT INTO `public`.`objetivo` (`iddominio`, `ordenobjetivo`, `titulo`) VALUES (11, 2, 'Seguridad de los equipos');
INSERT INTO `public`.`objetivo` (`iddominio`, `ordenobjetivo`, `titulo`) VALUES (12, 1, 'Responsabilidades y procedimientos de operación');
INSERT INTO `public`.`objetivo` (`iddominio`, `ordenobjetivo`, `titulo`) VALUES (12, 2, 'Protección contra código malicioso');
INSERT INTO `public`.`objetivo` (`iddominio`, `ordenobjetivo`, `titulo`) VALUES (12, 3, 'Copias de seguridad');
INSERT INTO `public`.`objetivo` (`iddominio`, `ordenobjetivo`, `titulo`) VALUES (12, 4, 'Registro de actividad y supervisión');
INSERT INTO `public`.`objetivo` (`iddominio`, `ordenobjetivo`, `titulo`) VALUES (12, 5, 'Control del software en explotación');
INSERT INTO `public`.`objetivo` (`iddominio`, `ordenobjetivo`, `titulo`) VALUES (12, 6, 'Gestión de la vulnerabilidad técnica');
INSERT INTO `public`.`objetivo` (`iddominio`, `ordenobjetivo`, `titulo`) VALUES (12, 7, 'Consideraciones de las auditorías de los sistemas de información');
INSERT INTO `public`.`objetivo` (`iddominio`, `ordenobjetivo`, `titulo`) VALUES (13, 1, 'Gestión de la seguridad en las redes');
INSERT INTO `public`.`objetivo` (`iddominio`, `ordenobjetivo`, `titulo`) VALUES (13, 2, 'Intercambio de información con partes externas');
INSERT INTO `public`.`objetivo` (`iddominio`, `ordenobjetivo`, `titulo`) VALUES (14, 1, 'Requisitos de seguridad de los sistemas de información');
INSERT INTO `public`.`objetivo` (`iddominio`, `ordenobjetivo`, `titulo`) VALUES (14, 2, 'Seguridad en los procesos de desarrollo y soporte');
INSERT INTO `public`.`objetivo` (`iddominio`, `ordenobjetivo`, `titulo`) VALUES (14, 3, 'Datos de prueba');
INSERT INTO `public`.`objetivo` (`iddominio`, `ordenobjetivo`, `titulo`) VALUES (15, 1, 'Seguridad de la información en las relaciones con suministradores');
INSERT INTO `public`.`objetivo` (`iddominio`, `ordenobjetivo`, `titulo`) VALUES (15, 2, 'Gestión de la prestación del servicio por suministradores');
INSERT INTO `public`.`objetivo` (`iddominio`, `ordenobjetivo`, `titulo`) VALUES (16, 1, 'Gestión de incidentes de seguridad de la información y mejoras');
INSERT INTO `public`.`objetivo` (`iddominio`, `ordenobjetivo`, `titulo`) VALUES (17, 1, 'Continuidad de la seguridad de la información');
INSERT INTO `public`.`objetivo` (`iddominio`, `ordenobjetivo`, `titulo`) VALUES (17, 2, 'Redundancias');
INSERT INTO `public`.`objetivo` (`iddominio`, `ordenobjetivo`, `titulo`) VALUES (18, 1, 'Cumplimiento de los requisitos legales y contractuales');
INSERT INTO `public`.`objetivo` (`iddominio`, `ordenobjetivo`, `titulo`) VALUES (18, 2, 'Revisiones de la seguridad de la información');

COMMIT;


-- -----------------------------------------------------
-- Data for table `public`.`control`
-- -----------------------------------------------------
START TRANSACTION;
USE `public`;
INSERT INTO `public`.`control` (`iddominio`, `ordenobjetivo`, `control`, `titulo`) VALUES (5, 1, 1, 'Conjunto de políticas para la seguridad de la información');
INSERT INTO `public`.`control` (`iddominio`, `ordenobjetivo`, `control`, `titulo`) VALUES (5, 1, 2, 'Revisión de las políticas para la seguridad de la información');
INSERT INTO `public`.`control` (`iddominio`, `ordenobjetivo`, `control`, `titulo`) VALUES (6, 1, 1, 'Asignación de responsabilidades para la seguridad de la información');
INSERT INTO `public`.`control` (`iddominio`, `ordenobjetivo`, `control`, `titulo`) VALUES (6, 1, 2, 'Segregación de tareas');
INSERT INTO `public`.`control` (`iddominio`, `ordenobjetivo`, `control`, `titulo`) VALUES (6, 1, 3, 'Contacto con las autoridades');
INSERT INTO `public`.`control` (`iddominio`, `ordenobjetivo`, `control`, `titulo`) VALUES (6, 1, 4, 'Contacto con grupos de interés especial');
INSERT INTO `public`.`control` (`iddominio`, `ordenobjetivo`, `control`, `titulo`) VALUES (6, 1, 5, 'Seguridad de la información en la gestión de proyectos');
INSERT INTO `public`.`control` (`iddominio`, `ordenobjetivo`, `control`, `titulo`) VALUES (6, 2, 1, 'Política de uso de dispositivos para movilidad');
INSERT INTO `public`.`control` (`iddominio`, `ordenobjetivo`, `control`, `titulo`) VALUES (6, 2, 2, 'Teletrabajo');
INSERT INTO `public`.`control` (`iddominio`, `ordenobjetivo`, `control`, `titulo`) VALUES (7, 1, 1, 'Investigación de antecedentes');
INSERT INTO `public`.`control` (`iddominio`, `ordenobjetivo`, `control`, `titulo`) VALUES (7, 1, 2, 'Términos y condiciones de contratación');
INSERT INTO `public`.`control` (`iddominio`, `ordenobjetivo`, `control`, `titulo`) VALUES (7, 2, 1, 'Responsabilidades de gestión');
INSERT INTO `public`.`control` (`iddominio`, `ordenobjetivo`, `control`, `titulo`) VALUES (7, 2, 2, 'Concienciación');
INSERT INTO `public`.`control` (`iddominio`, `ordenobjetivo`, `control`, `titulo`) VALUES (7, 2, 3, 'Proceso disciplinario');
INSERT INTO `public`.`control` (`iddominio`, `ordenobjetivo`, `control`, `titulo`) VALUES (7, 3, 1, 'Cese o cambio de puesto de trabajo');
INSERT INTO `public`.`control` (`iddominio`, `ordenobjetivo`, `control`, `titulo`) VALUES (8, 1, 1, 'Inventario de activos');
INSERT INTO `public`.`control` (`iddominio`, `ordenobjetivo`, `control`, `titulo`) VALUES (8, 1, 2, 'Propiedad de los activos');
INSERT INTO `public`.`control` (`iddominio`, `ordenobjetivo`, `control`, `titulo`) VALUES (8, 1, 3, 'Uso aceptable de los activos');
INSERT INTO `public`.`control` (`iddominio`, `ordenobjetivo`, `control`, `titulo`) VALUES (8, 1, 4, 'Devolución de activos');
INSERT INTO `public`.`control` (`iddominio`, `ordenobjetivo`, `control`, `titulo`) VALUES (8, 2, 1, 'Directrices de clasificación');
INSERT INTO `public`.`control` (`iddominio`, `ordenobjetivo`, `control`, `titulo`) VALUES (8, 2, 2, 'Etiquetado y manipulado de la información');
INSERT INTO `public`.`control` (`iddominio`, `ordenobjetivo`, `control`, `titulo`) VALUES (8, 2, 3, 'Manipulación de activos');
INSERT INTO `public`.`control` (`iddominio`, `ordenobjetivo`, `control`, `titulo`) VALUES (8, 3, 1, 'Gestión de soportes extraíbles');
INSERT INTO `public`.`control` (`iddominio`, `ordenobjetivo`, `control`, `titulo`) VALUES (8, 3, 2, 'Eliminación de soportes');
INSERT INTO `public`.`control` (`iddominio`, `ordenobjetivo`, `control`, `titulo`) VALUES (8, 3, 3, 'Soportes físicos en tránsito');
INSERT INTO `public`.`control` (`iddominio`, `ordenobjetivo`, `control`, `titulo`) VALUES (9, 1, 1, 'Política de control de accesos');
INSERT INTO `public`.`control` (`iddominio`, `ordenobjetivo`, `control`, `titulo`) VALUES (9, 1, 2, 'Control de acceso a las redes y servicios asociados');
INSERT INTO `public`.`control` (`iddominio`, `ordenobjetivo`, `control`, `titulo`) VALUES (9, 2, 1, 'Revisión de los derechos de acceso de los usuarios');
INSERT INTO `public`.`control` (`iddominio`, `ordenobjetivo`, `control`, `titulo`) VALUES (9, 2, 2, 'Retirada o adaptación de los derechos de acces');
INSERT INTO `public`.`control` (`iddominio`, `ordenobjetivo`, `control`, `titulo`) VALUES (9, 3, 1, 'Uso de información confidencial para la autenticación');
INSERT INTO `public`.`control` (`iddominio`, `ordenobjetivo`, `control`, `titulo`) VALUES (9, 4, 1, 'Restricción del acceso a la información');
INSERT INTO `public`.`control` (`iddominio`, `ordenobjetivo`, `control`, `titulo`) VALUES (9, 4, 2, 'Procedimientos seguros de inicio de sesión');
INSERT INTO `public`.`control` (`iddominio`, `ordenobjetivo`, `control`, `titulo`) VALUES (9, 4, 3, 'Gestión de contraseñas de usuario');
INSERT INTO `public`.`control` (`iddominio`, `ordenobjetivo`, `control`, `titulo`) VALUES (9, 4, 4, 'Uso de herramientas de administración de sistemas');
INSERT INTO `public`.`control` (`iddominio`, `ordenobjetivo`, `control`, `titulo`) VALUES (9, 4, 5, 'Control de acceso al código fuente de los programas');
INSERT INTO `public`.`control` (`iddominio`, `ordenobjetivo`, `control`, `titulo`) VALUES (10, 1, 1, 'Política de uso de los controles criptográficos');
INSERT INTO `public`.`control` (`iddominio`, `ordenobjetivo`, `control`, `titulo`) VALUES (10, 1, 2, 'Gestión de claves');
INSERT INTO `public`.`control` (`iddominio`, `ordenobjetivo`, `control`, `titulo`) VALUES (11, 1, 1, 'Perímetro de seguridad física');
INSERT INTO `public`.`control` (`iddominio`, `ordenobjetivo`, `control`, `titulo`) VALUES (11, 1, 2, 'Controles físicos de entrada');
INSERT INTO `public`.`control` (`iddominio`, `ordenobjetivo`, `control`, `titulo`) VALUES (11, 1, 3, 'Seguridad de oficinas');
INSERT INTO `public`.`control` (`iddominio`, `ordenobjetivo`, `control`, `titulo`) VALUES (11, 1, 4, 'Protección contra las amenazas externas y ambientales');
INSERT INTO `public`.`control` (`iddominio`, `ordenobjetivo`, `control`, `titulo`) VALUES (11, 1, 5, 'El trabajo en áreas seguras');
INSERT INTO `public`.`control` (`iddominio`, `ordenobjetivo`, `control`, `titulo`) VALUES (11, 1, 6, 'Áreas de acceso público');
INSERT INTO `public`.`control` (`iddominio`, `ordenobjetivo`, `control`, `titulo`) VALUES (11, 2, 1, 'Emplazamiento y protección de equipos');
INSERT INTO `public`.`control` (`iddominio`, `ordenobjetivo`, `control`, `titulo`) VALUES (11, 2, 2, 'Instalaciones de suministro');
INSERT INTO `public`.`control` (`iddominio`, `ordenobjetivo`, `control`, `titulo`) VALUES (11, 2, 3, 'Seguridad del cableado');
INSERT INTO `public`.`control` (`iddominio`, `ordenobjetivo`, `control`, `titulo`) VALUES (11, 2, 4, 'Mantenimiento de los equipos');
INSERT INTO `public`.`control` (`iddominio`, `ordenobjetivo`, `control`, `titulo`) VALUES (11, 2, 5, 'Salida de activos fuera de las dependencias de la empresa');
INSERT INTO `public`.`control` (`iddominio`, `ordenobjetivo`, `control`, `titulo`) VALUES (11, 2, 6, 'Seguridad de los equipos y activos fuera de las instalaciones');
INSERT INTO `public`.`control` (`iddominio`, `ordenobjetivo`, `control`, `titulo`) VALUES (11, 2, 7, 'Reutilización o retirada segura de dispositivos de almacenamiento');
INSERT INTO `public`.`control` (`iddominio`, `ordenobjetivo`, `control`, `titulo`) VALUES (11, 2, 8, 'Equipo informático de usuario desatendido');
INSERT INTO `public`.`control` (`iddominio`, `ordenobjetivo`, `control`, `titulo`) VALUES (11, 2, 9, 'Política de puesto de trabajo despejado y bloqueo de pantalla');
INSERT INTO `public`.`control` (`iddominio`, `ordenobjetivo`, `control`, `titulo`) VALUES (12, 1, 1, 'Documentación de procedimientos de operación');
INSERT INTO `public`.`control` (`iddominio`, `ordenobjetivo`, `control`, `titulo`) VALUES (12, 1, 2, 'Gestión de cambios');
INSERT INTO `public`.`control` (`iddominio`, `ordenobjetivo`, `control`, `titulo`) VALUES (12, 1, 3, 'Gestión de capacidades');
INSERT INTO `public`.`control` (`iddominio`, `ordenobjetivo`, `control`, `titulo`) VALUES (12, 1, 4, 'Separación de entornos de desarrollo');
INSERT INTO `public`.`control` (`iddominio`, `ordenobjetivo`, `control`, `titulo`) VALUES (12, 2, 1, 'Controles contra el código malicioso');
INSERT INTO `public`.`control` (`iddominio`, `ordenobjetivo`, `control`, `titulo`) VALUES (12, 3, 1, 'Copias de seguridad de la información');
INSERT INTO `public`.`control` (`iddominio`, `ordenobjetivo`, `control`, `titulo`) VALUES (12, 4, 1, 'Registro y gestión de eventos de actividad');
INSERT INTO `public`.`control` (`iddominio`, `ordenobjetivo`, `control`, `titulo`) VALUES (12, 4, 2, 'Protección de los registros de información');
INSERT INTO `public`.`control` (`iddominio`, `ordenobjetivo`, `control`, `titulo`) VALUES (12, 4, 3, 'Registros de actividad del administrador y operador del sistema');
INSERT INTO `public`.`control` (`iddominio`, `ordenobjetivo`, `control`, `titulo`) VALUES (12, 4, 4, 'Sincronización de relojes');
INSERT INTO `public`.`control` (`iddominio`, `ordenobjetivo`, `control`, `titulo`) VALUES (12, 5, 1, 'Instalación del software en sistemas en producción');
INSERT INTO `public`.`control` (`iddominio`, `ordenobjetivo`, `control`, `titulo`) VALUES (12, 6, 1, 'Gestión de las vulnerabilidades técnicas');
INSERT INTO `public`.`control` (`iddominio`, `ordenobjetivo`, `control`, `titulo`) VALUES (12, 6, 2, 'Restricciones en la instalación de software');
INSERT INTO `public`.`control` (`iddominio`, `ordenobjetivo`, `control`, `titulo`) VALUES (12, 7, 1, 'Controles de auditoría de los sistemas de información');
INSERT INTO `public`.`control` (`iddominio`, `ordenobjetivo`, `control`, `titulo`) VALUES (13, 1, 1, 'Controles de red');
INSERT INTO `public`.`control` (`iddominio`, `ordenobjetivo`, `control`, `titulo`) VALUES (13, 1, 2, 'Mecanismos de seguridad asociados a servicios en red');
INSERT INTO `public`.`control` (`iddominio`, `ordenobjetivo`, `control`, `titulo`) VALUES (13, 1, 3, 'Segregación de redes');
INSERT INTO `public`.`control` (`iddominio`, `ordenobjetivo`, `control`, `titulo`) VALUES (13, 2, 1, 'Políticas y procedimientos de intercambio de información');
INSERT INTO `public`.`control` (`iddominio`, `ordenobjetivo`, `control`, `titulo`) VALUES (13, 2, 2, 'Acuerdos de intercambio');
INSERT INTO `public`.`control` (`iddominio`, `ordenobjetivo`, `control`, `titulo`) VALUES (13, 2, 3, 'Mensajería electrónica');
INSERT INTO `public`.`control` (`iddominio`, `ordenobjetivo`, `control`, `titulo`) VALUES (13, 2, 4, 'Acuerdos de confidencialidad y secreto');
INSERT INTO `public`.`control` (`iddominio`, `ordenobjetivo`, `control`, `titulo`) VALUES (14, 1, 1, 'Análisis y especificación de los requisitos de seguridad');
INSERT INTO `public`.`control` (`iddominio`, `ordenobjetivo`, `control`, `titulo`) VALUES (14, 1, 2, 'Seguridad de las comunicaciones en servicios accesibles por redes públicas');
INSERT INTO `public`.`control` (`iddominio`, `ordenobjetivo`, `control`, `titulo`) VALUES (14, 1, 3, 'Protección de las transacciones por redes telemáticas');
INSERT INTO `public`.`control` (`iddominio`, `ordenobjetivo`, `control`, `titulo`) VALUES (14, 2, 1, 'Política de desarrollo seguro de software');
INSERT INTO `public`.`control` (`iddominio`, `ordenobjetivo`, `control`, `titulo`) VALUES (14, 2, 2, 'Procedimientos de control de cambios en los sistemas');
INSERT INTO `public`.`control` (`iddominio`, `ordenobjetivo`, `control`, `titulo`) VALUES (14, 2, 3, 'Revisión técnica de las aplicaciones tras efectuar cambios en el sistema operativo');
INSERT INTO `public`.`control` (`iddominio`, `ordenobjetivo`, `control`, `titulo`) VALUES (14, 2, 4, 'Restricciones a los cambios en los paquetes de software');
INSERT INTO `public`.`control` (`iddominio`, `ordenobjetivo`, `control`, `titulo`) VALUES (14, 2, 5, 'Uso de principios de ingeniería en protección de sistemas');
INSERT INTO `public`.`control` (`iddominio`, `ordenobjetivo`, `control`, `titulo`) VALUES (14, 2, 6, 'Seguridad en entornos de desarrollo');
INSERT INTO `public`.`control` (`iddominio`, `ordenobjetivo`, `control`, `titulo`) VALUES (14, 2, 7, 'Externalización del desarrollo de software');
INSERT INTO `public`.`control` (`iddominio`, `ordenobjetivo`, `control`, `titulo`) VALUES (14, 2, 8, 'Pruebas de funcionalidad durante el desarrollo de los sistemas');
INSERT INTO `public`.`control` (`iddominio`, `ordenobjetivo`, `control`, `titulo`) VALUES (14, 2, 9, 'Pruebas de aceptación');
INSERT INTO `public`.`control` (`iddominio`, `ordenobjetivo`, `control`, `titulo`) VALUES (14, 3, 1, 'Protección de los datos utilizados en pruebas');
INSERT INTO `public`.`control` (`iddominio`, `ordenobjetivo`, `control`, `titulo`) VALUES (15, 1, 1, 'Política de seguridad de la información para suministradores');
INSERT INTO `public`.`control` (`iddominio`, `ordenobjetivo`, `control`, `titulo`) VALUES (15, 1, 2, 'Tratamiento del riesgo dentro de acuerdos de suministradores');
INSERT INTO `public`.`control` (`iddominio`, `ordenobjetivo`, `control`, `titulo`) VALUES (15, 1, 3, 'Cadena de suministro en tecnologías de la información y comunicaciones');
INSERT INTO `public`.`control` (`iddominio`, `ordenobjetivo`, `control`, `titulo`) VALUES (15, 2, 1, 'Supervisión y revisión de los servicios prestados por terceros');
INSERT INTO `public`.`control` (`iddominio`, `ordenobjetivo`, `control`, `titulo`) VALUES (15, 2, 2, 'Gestión de cambios en los servicios prestados por terceros');
INSERT INTO `public`.`control` (`iddominio`, `ordenobjetivo`, `control`, `titulo`) VALUES (16, 1, 1, 'Responsabilidades y procedimientos');
INSERT INTO `public`.`control` (`iddominio`, `ordenobjetivo`, `control`, `titulo`) VALUES (16, 1, 2, 'Notificación de los eventos de seguridad de la información');
INSERT INTO `public`.`control` (`iddominio`, `ordenobjetivo`, `control`, `titulo`) VALUES (16, 1, 3, 'Notificación de puntos débiles de la seguridad');
INSERT INTO `public`.`control` (`iddominio`, `ordenobjetivo`, `control`, `titulo`) VALUES (16, 1, 4, 'Valoración de eventos de seguridad de la información y toma de decisiones');
INSERT INTO `public`.`control` (`iddominio`, `ordenobjetivo`, `control`, `titulo`) VALUES (16, 1, 5, 'Respuesta a los incidentes de seguridad');
INSERT INTO `public`.`control` (`iddominio`, `ordenobjetivo`, `control`, `titulo`) VALUES (17, 1, 1, 'Planificación de la continuidad de la seguridad de la información');
INSERT INTO `public`.`control` (`iddominio`, `ordenobjetivo`, `control`, `titulo`) VALUES (17, 1, 2, 'Implantación de la continuidad de la seguridad de la información');
INSERT INTO `public`.`control` (`iddominio`, `ordenobjetivo`, `control`, `titulo`) VALUES (17, 1, 3, 'Verificación');
INSERT INTO `public`.`control` (`iddominio`, `ordenobjetivo`, `control`, `titulo`) VALUES (17, 2, 1, 'Disponibilidad de instalaciones para el procesamiento de la información');
INSERT INTO `public`.`control` (`iddominio`, `ordenobjetivo`, `control`, `titulo`) VALUES (18, 1, 1, 'Identificación de la legislación aplicable');
INSERT INTO `public`.`control` (`iddominio`, `ordenobjetivo`, `control`, `titulo`) VALUES (18, 1, 2, 'Derechos de propiedad intelectual (DPI)');
INSERT INTO `public`.`control` (`iddominio`, `ordenobjetivo`, `control`, `titulo`) VALUES (18, 1, 3, 'Protección de los registros de la organización');
INSERT INTO `public`.`control` (`iddominio`, `ordenobjetivo`, `control`, `titulo`) VALUES (18, 1, 4, 'Protección de datos y privacidad de la información personal');
INSERT INTO `public`.`control` (`iddominio`, `ordenobjetivo`, `control`, `titulo`) VALUES (18, 1, 5, 'Regulación de los controles criptográficos');
INSERT INTO `public`.`control` (`iddominio`, `ordenobjetivo`, `control`, `titulo`) VALUES (18, 2, 1, 'Revisión independiente de la seguridad de la información');
INSERT INTO `public`.`control` (`iddominio`, `ordenobjetivo`, `control`, `titulo`) VALUES (18, 2, 2, 'Cumplimiento de las políticas y normas de seguridad');
INSERT INTO `public`.`control` (`iddominio`, `ordenobjetivo`, `control`, `titulo`) VALUES (18, 2, 3, 'Comprobación del cumplimiento');

COMMIT;

